congress,bill_id_clean,predicted_category
118,hjres7,Healthcare
118,hr82,Technology
118,hr346,Technology
118,hr423,Technology
118,hr366,Technology
118,hr292,Technology
118,s30,Technology
118,s111,Technology
118,s112,Technology
118,s91,Technology
118,s50,Technology
118,s59,Technology
118,hr593,Technology
118,s138,Technology
118,s133,Technology
118,s134,Technology
118,hr599,Technology
118,hr663,Technology
118,s141,Technology
118,hr670,Technology
118,hjres26,Healthcare
118,s206,Technology
118,hr815,Technology
118,s227,Technology
118,s265,Technology
118,hr807,Technology
118,s223,Technology
118,s382,Technology
118,s310,Technology
118,hr996,Technology
118,hr1042,Technology
118,s467,Technology
118,hr1096,Technology
118,s475,Technology
118,s474,Technology
118,hr1105,Technology
118,hr1076,Technology
118,hr1098,Technology
118,hr1060,Technology
118,hr1097,Technology
118,s619,Technology
118,hr1226,Technology
118,s546,Technology
118,hr1240,Technology
118,s612,Technology
118,s656,Technology
118,s679,Technology
118,s670,Technology
118,hr1432,Technology
118,hr1318,Technology
118,hr1568,Technology
118,hr1505,Technology
118,s709,Technology
118,s759,Technology
118,hr1555,Technology
118,s777,Technology
118,s788,Technology
118,s870,Technology
118,s794,Technology
118,hr1607,Technology
118,hr1734,Technology
118,hr1722,Technology
118,s932,Technology
118,hr1727,Technology
118,s992,Technology
118,hr2365,Technology
118,hr1823,Technology
118,hr2379,Technology
118,s1147,Technology
118,hr2468,Technology
118,hr2544,Technology
118,hr2670,Technology
118,hr2839,Technology
118,s1278,Technology
118,hr2754,Technology
118,hr2872,Technology
118,hr2882,Technology
118,hr2950,Technology
118,s1351,Technology
118,hr3019,Technology
118,hr2997,Technology
118,s1549,Technology
118,s1510,Technology
118,s1478,Technology
118,hr3315,Technology
118,hjres62,Healthcare
118,hjres63,Healthcare
118,hjres64,Healthcare
118,s1608,Technology
118,hr3254,Technology
118,hr3324,Technology
118,hr3354,Technology
118,s1648,Technology
118,hr3391,Technology
118,hr3672,Technology
118,hr3608,Technology
118,hr3746,Technology
118,hr3728,Technology
118,hr3821,Technology
118,hr3801,Technology
118,hr3797,Technology
118,s1858,Technology
118,hr3865,Technology
118,hr4004,Technology
118,hr3947,Technology
118,hr3944,Technology
118,hr3935,Technology
118,s1973,Technology
118,s2051,Technology
118,hr4190,Technology
118,hr4094,Technology
118,hr4136,Technology
118,s2143,Technology
118,s2181,Technology
118,hr4366,Technology
118,hr4389,Technology
118,hr4385,Technology
118,hr4467,Technology
118,hr4581,Technology
118,s2228,Technology
118,s2274,Technology
118,s2414,Technology
118,s2513,Technology
118,s2685,Technology
118,hr5009,Technology
118,hr4955,Technology
118,hr5103,Technology
118,hr4984,Technology
118,hr5110,Technology
118,hr5302,Technology
118,hr5301,Technology
118,s2795,Technology
118,s2747,Technology
118,s2787,Technology
118,s2781,Technology
118,hr5443,Technology
118,s2825,Technology
118,s2861,Technology
118,hr5464,Technology
118,hr5476,Technology
118,hr5490,Technology
118,hr5536,Technology
118,hr5640,Technology
118,hr5712,Technology
118,hr5646,Technology
118,hr5860,Technology
118,hr5861,Technology
118,hr5799,Technology
118,hr5863,Technology
118,hr5770,Technology
118,hr5867,Technology
118,hr5887,Technology
118,hr5985,Technology
118,s3126,Technology
118,hr6073,Technology
118,hr6062,Technology
118,s3222,Technology
118,hr6116,Technology
118,hr6162,Technology
118,hr6188,Technology
118,hr6363,Technology
118,s3250,Technology
118,s3249,Technology
118,s3285,Technology
118,hr6249,Technology
118,s3267,Technology
118,hr6324,Technology
118,hr6244,Technology
118,hr6503,Technology
118,hr6395,Technology
118,hr6492,Technology
118,s3427,Technology
118,hr6513,Technology
118,s3419,Technology
118,hr6651,Technology
118,s3448,Technology
118,hr6633,Technology
118,s3475,Technology
118,hr6750,Technology
118,hr6826,Technology
118,hr6829,Technology
118,hr6843,Technology
118,hr6810,Technology
118,hr6852,Technology
118,hr7032,Technology
118,s3640,Technology
118,s3639,Technology
118,s3613,Technology
118,hr6960,Technology
118,hr6983,Technology
118,s3706,Technology
118,hr7189,Technology
118,hr7192,Technology
118,hr7199,Technology
118,hr7177,Technology
118,hr7213,Technology
118,hr7180,Technology
118,hr7158,Technology
118,s3764,Technology
118,hr7333,Technology
118,hr7218,Technology
118,s3791,Technology
118,hr7463,Technology
118,hr7454,Technology
118,hr7377,Technology
118,hr7423,Technology
118,hr7438,Technology
118,hr7332,Technology
118,hr7365,Technology
118,hr7385,Technology
118,hr7417,Technology
118,hr7508,Technology
118,hr7507,Technology
118,s3851,Technology
118,s3857,Technology
118,hr7524,Technology
118,hr7606,Technology
118,hr7607,Technology
118,hr7764,Technology
118,s3960,Technology
118,s3959,Technology
118,s3946,Technology
118,s3938,Technology
118,hr7777,Technology
118,s3998,Technology
118,hr7888,Technology
118,hr7872,Technology
118,s4077,Technology
118,s4107,Technology
118,hr7893,Technology
118,hr7938,Technology
118,hr8012,Technology
118,hr8057,Technology
118,s4243,Technology
118,hr8219,Technology
118,hr8289,Technology
118,s4351,Technology
118,hr8413,Technology
118,s4367,Technology
118,s4548,Technology
118,hr8663,Technology
118,hr8641,Technology
118,hr8667,Technology
118,hr8666,Technology
118,hr8717,Technology
118,s4610,Technology
118,hr8841,Technology
118,hr8868,Technology
118,hr8932,Technology
118,hr8909,Technology
118,hr8919,Technology
118,hr8976,Technology
118,s4698,Technology
118,hr9106,Technology
118,s4716,Technology
118,hr9076,Technology
118,hr9124,Technology
118,hr9285,Technology
118,hr9468,Technology
118,hr9322,Technology
118,hr9421,Technology
118,hr9487,Technology
118,hr9566,Technology
118,hr9544,Technology
118,hr9580,Technology
118,hr9549,Technology
118,hr9600,Technology
118,hr9592,Technology
118,hr9747,Technology
118,hr9775,Technology
118,s5314,Technology
118,hr10065,Technology
118,s5355,Technology
118,hr10545,Technology
119,s5,Technology
119,hr43,Technology
119,hr42,Technology
119,hr165,Technology
119,hr187,Technology
119,hr224,Technology
119,hr1,Technology
119,hjres20,Healthcare
119,hjres24,Healthcare
119,hr517,Technology
119,hr452,Technology
119,hr410,Technology
119,hjres25,Healthcare
119,s146,Technology
119,s160,Technology
119,hr618,Technology
119,hr695,Technology
119,s201,Technology
119,s260,Technology
119,s216,Technology
119,s284,Technology
119,s222,Technology
119,s331,Technology
119,s356,Technology
119,s269,Technology
119,hjres35,Healthcare
119,sjres11,Technology
119,sjres13,Technology
119,hr998,Technology
119,hr970,Technology
119,hr983,Technology
119,s423,Technology
119,hjres42,Healthcare
119,hr1316,Technology
119,sjres18,Technology
119,hjres60,Healthcare
119,s616,Technology
119,hr1491,Technology
119,hjres61,Healthcare
119,hr1512,Technology
119,sjres28,Technology
119,hr1815,Technology
119,hr1912,Technology
119,hr1968,Technology
119,hjres75,Healthcare
119,sjres31,Technology
119,hr2170,Technology
119,s1071,Technology
119,hr2215,Technology
119,hr2316,Technology
119,hjres89,Healthcare
119,hjres88,Healthcare
119,hjres87,Healthcare
119,hr2483,Technology
119,hr2808,Technology
119,s1582,Technology
119,s1596,Technology
119,s1884,Technology
119,hr4,Technology
119,hjres104,Healthcare
119,hjres105,Healthcare
119,hjres106,Healthcare
119,hr4323,Technology
119,hr4405,Technology
119,s2283,Technology
119,hr4446,Technology
119,s2392,Technology
119,hr5371,Technology
119,sjres80,Technology
119,s2878,Technology
119,hjres130,Healthcare
119,hjres131,Healthcare
119,hjres133,Healthcare
119,s3424,Technology
119,hr6938,Technology
119,hr7148,Technology
119,hjres142,Healthcare
119,s3705,Technology
119,hr7211,Technology
119,s3971,Technology
119,s4138,Technology
119,hr8322,Technology
116,hr150,Technology
116,hr133,Technology
116,s24,Technology
116,hr251,Technology
116,hr259,Technology
116,s47,Technology
116,s49,Technology
116,hr276,Technology
116,hr299,Technology
116,hr263,Technology
116,hr266,Technology
116,hr221,Technology
116,hr430,Technology
116,hjres28,Healthcare
116,hr439,Technology
116,hr540,Technology
116,hr434,Technology
116,hr504,Technology
116,hr473,Technology
116,hjres30,Healthcare
116,hr559,Technology
116,hr639,Technology
116,s163,Technology
116,s151,Technology
116,hr583,Technology
116,s153,Technology
116,hr561,Technology
116,hjres31,Healthcare
116,s252,Technology
116,hr828,Technology
116,hr829,Technology
116,hr776,Technology
116,s239,Technology
116,hr724,Technology
116,hr777,Technology
116,s209,Technology
116,s199,Technology
116,s212,Technology
116,hr866,Technology
116,hr831,Technology
116,hr887,Technology
116,s256,Technology
116,hr943,Technology
116,hr886,Technology
116,s294,Technology
116,s327,Technology
116,hr835,Technology
116,hr1079,Technology
116,hr1058,Technology
116,s375,Technology
116,s394,Technology
116,hr991,Technology
116,s371,Technology
116,s483,Technology
116,hr1222,Technology
116,hr1198,Technology
116,hr1200,Technology
116,hr1123,Technology
116,hr1138,Technology
116,hr1158,Technology
116,s457,Technology
116,s461,Technology
116,hr1327,Technology
116,s504,Technology
116,hr1250,Technology
116,hr1252,Technology
116,hr1253,Technology
116,s490,Technology
116,hr1449,Technology
116,hr1396,Technology
116,hr1424,Technology
116,hr1365,Technology
116,s578,Technology
116,hr1418,Technology
116,hr1472,Technology
116,hr1492,Technology
116,s725,Technology
116,hr1569,Technology
116,hr1590,Technology
116,s693,Technology
116,hr1526,Technology
116,hr1520,Technology
116,hr1503,Technology
116,s744,Technology
116,s737,Technology
116,s760,Technology
116,s743,Technology
116,s785,Technology
116,hr1668,Technology
116,s863,Technology
116,hr1839,Technology
116,s862,Technology
116,hr1844,Technology
116,hr1865,Technology
116,s832,Technology
116,hr1812,Technology
116,s881,Technology
116,hr1773,Technology
116,hr1833,Technology
116,hr1830,Technology
116,hr1972,Technology
116,s893,Technology
116,hr1957,Technology
116,hr1952,Technology
116,s910,Technology
116,s945,Technology
116,s900,Technology
116,s914,Technology
116,hr1966,Technology
116,hr1923,Technology
116,hr1925,Technology
116,hr2030,Technology
116,s998,Technology
116,s982,Technology
116,s1014,Technology
116,s979,Technology
116,hr2157,Technology
116,hr2196,Technology
116,hr2151,Technology
116,s1069,Technology
116,hr2246,Technology
116,s1130,Technology
116,hr2336,Technology
116,s1196,Technology
116,hr2325,Technology
116,hr2334,Technology
116,hr2333,Technology
116,hr2385,Technology
116,hr2372,Technology
116,hr2359,Technology
116,s1153,Technology
116,hr2423,Technology
116,hr2451,Technology
116,hr2476,Technology
116,hr2454,Technology
116,hr2444,Technology
116,s1310,Technology
116,hr2502,Technology
116,s1379,Technology
116,s1321,Technology
116,s1380,Technology
116,s1342,Technology
116,s1436,Technology
116,hr2695,Technology
116,hr2744,Technology
116,s1693,Technology
116,hr2940,Technology
116,hr2938,Technology
116,s1689,Technology
116,s1678,Technology
116,s1646,Technology
116,hr2969,Technology
116,hr3005,Technology
116,s1694,Technology
116,hr3151,Technology
116,s1749,Technology
116,hr3055,Technology
116,hr3144,Technology
116,hr3153,Technology
116,hr3245,Technology
116,s1838,Technology
116,s1790,Technology
116,hr3196,Technology
116,s1822,Technology
116,hr3207,Technology
116,s1869,Technology
116,hr3250,Technology
116,hr3401,Technology
116,hr3253,Technology
116,hr3305,Technology
116,hr3304,Technology
116,hr3311,Technology
116,hr3314,Technology
116,hr3399,Technology
116,hr3317,Technology
116,hr3329,Technology
116,hr3275,Technology
116,hr3349,Technology
116,s2047,Technology
116,hr3504,Technology
116,s1982,Technology
116,hr3465,Technology
116,s2107,Technology
116,hr3589,Technology
116,hr3680,Technology
116,s2163,Technology
116,s2193,Technology
116,s2174,Technology
116,hr3877,Technology
116,s2249,Technology
116,hr3889,Technology
116,hr3847,Technology
116,hr3870,Technology
116,s2258,Technology
116,s2216,Technology
116,s2330,Technology
116,hr4104,Technology
116,hr4034,Technology
116,hr3976,Technology
116,hr4031,Technology
116,hr4044,Technology
116,hr4183,Technology
116,hr4200,Technology
116,hr4378,Technology
116,hr4285,Technology
116,hr4258,Technology
116,hr4334,Technology
116,hr4279,Technology
116,s2472,Technology
116,hr4356,Technology
116,hr4566,Technology
116,hr4672,Technology
116,hr4508,Technology
116,hr4771,Technology
116,s2661,Technology
116,hr4779,Technology
116,s2638,Technology
116,hr4734,Technology
116,hr4794,Technology
116,hr4725,Technology
116,hr4785,Technology
116,hr4761,Technology
116,s2683,Technology
116,hr4704,Technology
116,s2710,Technology
116,hr4803,Technology
116,s2746,Technology
116,hr4920,Technology
116,hr4875,Technology
116,s2730,Technology
116,hr4998,Technology
116,hr4981,Technology
116,hr5037,Technology
116,hr4975,Technology
116,hr4971,Technology
116,hr4983,Technology
116,hr4988,Technology
116,hr5023,Technology
116,hr5062,Technology
116,s2904,Technology
116,hr5123,Technology
116,hr5126,Technology
116,hr5277,Technology
116,hr5214,Technology
116,hr5307,Technology
116,hr5317,Technology
116,s2981,Technology
116,hr5273,Technology
116,hr5363,Technology
116,hjres80,Healthcare
116,s3051,Technology
116,hr5384,Technology
116,sjres65,Technology
116,sjres67,Technology
116,sjres66,Technology
116,s3084,Technology
116,s3105,Technology
116,s3147,Technology
116,hr5451,Technology
116,hr5458,Technology
116,hr5459,Technology
116,hr5472,Technology
116,s3201,Technology
116,hr5671,Technology
116,hr5597,Technology
116,hr5663,Technology
116,s3257,Technology
116,hr5901,Technology
116,hr5954,Technology
116,s3312,Technology
116,hr5852,Technology
116,hr5972,Technology
116,hr5983,Technology
116,hr6074,Technology
116,s3414,Technology
116,hr6016,Technology
116,hr6100,Technology
116,hr6168,Technology
116,s3462,Technology
116,s3461,Technology
116,s3418,Technology
116,hr6161,Technology
116,hr6192,Technology
116,hr6237,Technology
116,s3503,Technology
116,hr6322,Technology
116,s3587,Technology
116,hr6418,Technology
116,hr6435,Technology
116,hr6535,Technology
116,s3607,Technology
116,s3637,Technology
116,s3744,Technology
116,s3703,Technology
116,hr7010,Technology
116,s3758,Technology
116,hr7105,Technology
116,hr7088,Technology
116,s3989,Technology
116,hr7259,Technology
116,s4116,Technology
116,s4091,Technology
116,s4072,Technology
116,s4075,Technology
116,hr7347,Technology
116,hr7440,Technology
116,s4148,Technology
116,s4209,Technology
116,s4126,Technology
116,hr7460,Technology
116,hr7502,Technology
116,hr7810,Technology
116,hr7898,Technology
116,hr8247,Technology
116,hr8337,Technology
116,hr8276,Technology
116,hr8354,Technology
116,s4762,Technology
116,s4684,Technology
116,hr8472,Technology
116,hr8611,Technology
116,s4902,Technology
116,hr8810,Technology
116,hr8900,Technology
116,s5036,Technology
116,hr8906,Technology
116,s4996,Technology
116,hjres107,Healthcare
116,hjres110,Healthcare
116,s5076,Technology
117,hr49,Technology
117,hr26,Technology
117,hr208,Technology
117,hr189,Technology
117,hr55,Technology
117,hr91,Technology
117,hr92,Technology
117,hr203,Technology
117,hr335,Technology
117,hr264,Technology
117,hr390,Technology
117,hr228,Technology
117,hr310,Technology
117,s108,Technology
117,s66,Technology
117,hr468,Technology
117,hr441,Technology
117,hr478,Technology
117,s164,Technology
117,s144,Technology
117,s169,Technology
117,hr521,Technology
117,hr711,Technology
117,hr772,Technology
117,s189,Technology
117,hr735,Technology
117,hr767,Technology
117,hr700,Technology
117,s198,Technology
117,hr941,Technology
117,s272,Technology
117,hr960,Technology
117,s233,Technology
117,s270,Technology
117,s231,Technology
117,hr897,Technology
117,hr1002,Technology
117,s325,Technology
117,s321,Technology
117,hr1170,Technology
117,hr1057,Technology
117,s314,Technology
117,hr1095,Technology
117,hr1082,Technology
117,hr1154,Technology
117,s415,Technology
117,s422,Technology
117,s409,Technology
117,hr1192,Technology
117,s400,Technology
117,hr1298,Technology
117,hr1193,Technology
117,hr1319,Technology
117,hjres27,Healthcare
117,s452,Technology
117,hr1281,Technology
117,s497,Technology
117,hr1444,Technology
117,s442,Technology
117,s516,Technology
117,hr1437,Technology
117,s450,Technology
117,s579,Technology
117,hr1448,Technology
117,hr1510,Technology
117,s566,Technology
117,s583,Technology
117,s558,Technology
117,hr1651,Technology
117,hr1652,Technology
117,s610,Technology
117,hr1664,Technology
117,hr1667,Technology
117,hr1799,Technology
117,hr1868,Technology
117,s658,Technology
117,hr1842,Technology
117,hr1766,Technology
117,hr1899,Technology
117,s796,Technology
117,s854,Technology
117,s812,Technology
117,s789,Technology
117,hr1917,Technology
117,s937,Technology
117,s848,Technology
117,s921,Technology
117,hr2093,Technology
117,s894,Technology
117,hr2044,Technology
117,sjres15,Technology
117,sjres14,Technology
117,s957,Technology
117,s1064,Technology
117,s1031,Technology
117,hr2142,Technology
117,s958,Technology
117,hr2220,Technology
117,s989,Technology
117,hr2278,Technology
117,hr2324,Technology
117,hr2523,Technology
117,hr2441,Technology
117,s1095,Technology
117,hr2545,Technology
117,hr2471,Technology
117,hr2497,Technology
117,s1097,Technology
117,s1098,Technology
117,s1198,Technology
117,hr2473,Technology
117,hr2472,Technology
117,s1226,Technology
117,hr2617,Technology
117,s1340,Technology
117,s1301,Technology
117,hr2724,Technology
117,s1294,Technology
117,s1502,Technology
117,s1404,Technology
117,s1402,Technology
117,s1511,Technology
117,hr2911,Technology
117,hr2992,Technology
117,hr2930,Technology
117,s1466,Technology
117,s1605,Technology
117,s1543,Technology
117,hr3076,Technology
117,hr3113,Technology
117,s1617,Technology
117,s1541,Technology
117,hr3237,Technology
117,hr3210,Technology
117,s1662,Technology
117,hr3197,Technology
117,hr3182,Technology
117,hr3175,Technology
117,hr3285,Technology
117,s1687,Technology
117,hr3325,Technology
117,hr3419,Technology
117,s1760,Technology
117,hr3359,Technology
117,hr3462,Technology
117,s1910,Technology
117,s1828,Technology
117,s1917,Technology
117,hr3475,Technology
117,hr3537,Technology
117,s1872,Technology
117,hr3525,Technology
117,hr3508,Technology
117,hr3539,Technology
117,hr3642,Technology
117,hr3665,Technology
117,hr3579,Technology
117,hr3613,Technology
117,s1941,Technology
117,s1942,Technology
117,hr3919,Technology
117,s2126,Technology
117,s2102,Technology
117,s2089,Technology
117,s2201,Technology
117,s2293,Technology
117,s2159,Technology
117,hr4172,Technology
117,hr4168,Technology
117,hr4250,Technology
117,hr4426,Technology
117,hr4346,Technology
117,hr4373,Technology
117,s2333,Technology
117,hr4445,Technology
117,hr4591,Technology
117,hr4660,Technology
117,s2514,Technology
117,s2490,Technology
117,hr4693,Technology
117,hr4622,Technology
117,s2533,Technology
117,s2520,Technology
117,hr4877,Technology
117,s2551,Technology
117,hr4899,Technology
117,hr4881,Technology
117,s2629,Technology
117,s2607,Technology
117,hr5085,Technology
117,hr5142,Technology
117,s2687,Technology
117,hr5293,Technology
117,hr5271,Technology
117,hr5305,Technology
117,hr5313,Technology
117,hr5376,Technology
117,s2771,Technology
117,s2794,Technology
117,s2796,Technology
117,hr5349,Technology
117,s2834,Technology
117,hr5434,Technology
117,s2959,Technology
117,s2938,Technology
117,hr5481,Technology
117,s2899,Technology
117,hr5545,Technology
117,hr5577,Technology
117,s2991,Technology
117,hr5650,Technology
117,hr5681,Technology
117,s3059,Technology
117,hr5754,Technology
117,s3103,Technology
117,s3092,Technology
117,s3115,Technology
117,hr5659,Technology
117,hr5763,Technology
117,hr5809,Technology
117,s3157,Technology
117,hr5796,Technology
117,hr5794,Technology
117,hr5865,Technology
117,hr5900,Technology
117,s3168,Technology
117,hr5943,Technology
117,hr5952,Technology
117,hr5961,Technology
117,hr5973,Technology
117,hr6119,Technology
117,s3294,Technology
117,hr6023,Technology
117,hr6042,Technology
117,hr6064,Technology
117,hr6080,Technology
117,s3308,Technology
117,sjres33,Technology
117,s3377,Technology
117,hr6256,Technology
117,s3373,Technology
117,s3369,Technology
117,hr6221,Technology
117,hr6218,Technology
117,hr6220,Technology
117,hr6267,Technology
117,s3405,Technology
117,s3522,Technology
117,s3527,Technology
117,s3451,Technology
117,s3470,Technology
117,s3510,Technology
117,s3499,Technology
117,hr6386,Technology
117,s3519,Technology
117,s3580,Technology
117,hr6427,Technology
117,hr6617,Technology
117,hr6614,Technology
117,hr6604,Technology
117,hr6630,Technology
117,hr6833,Technology
117,s3655,Technology
117,hr6722,Technology
117,s3662,Technology
117,hr6968,Technology
117,hr6943,Technology
117,hr6899,Technology
117,hr6863,Technology
117,hr6917,Technology
117,hr6961,Technology
117,s3773,Technology
117,s3823,Technology
117,s3826,Technology
117,s3825,Technology
117,hr7077,Technology
117,s3875,Technology
117,s3846,Technology
117,hr7108,Technology
117,s3895,Technology
117,s3884,Technology
117,hr7132,Technology
117,hr7181,Technology
117,s3905,Technology
117,hr7334,Technology
117,hr7352,Technology
117,s3969,Technology
117,hr7299,Technology
117,hr7335,Technology
117,s4003,Technology
117,s3949,Technology
117,hr7500,Technology
117,s4017,Technology
117,s4052,Technology
117,hr7514,Technology
117,hr7518,Technology
117,hr7519,Technology
117,s4089,Technology
117,s4119,Technology
117,hr7535,Technology
117,hr7638,Technology
117,s4104,Technology
117,s4120,Technology
117,hr7691,Technology
117,s4160,Technology
117,hr7698,Technology
117,s4205,Technology
117,hr7735,Technology
117,hr7791,Technology
117,hr7846,Technology
117,hr7776,Technology
117,s4240,Technology
117,s4359,Technology
117,hr7903,Technology
117,hr7925,Technology
117,hr7939,Technology
117,hr8026,Technology
117,hr8025,Technology
117,s4411,Technology
117,s4458,Technology
117,hr8203,Technology
117,hr8226,Technology
117,hr8260,Technology
117,s4439,Technology
117,hr8351,Technology
117,s4524,Technology
117,hr8404,Technology
117,hr8454,Technology
117,s4785,Technology
117,hr8656,Technology
117,s4791,Technology
117,s4900,Technology
117,s4834,Technology
117,hr8982,Technology
117,s4926,Technology
117,s4949,Technology
117,s4978,Technology
117,s5060,Technology
117,s5066,Technology
117,s5016,Technology
117,s5087,Technology
117,hjres100,Healthcare
117,hr9308,Technology
117,s7,Technology
117,s5168,Technology
117,s5230,Technology
117,s5229,Technology
117,s5328,Technology
117,s5329,Technology
119,hjres140,Healthcare
119,hr7147,Technology
119,s4465,Technology
119,s723,Technology
